iteration,silhouette_cluster1,silhouette_cluster2,n_points_cluster1,n_points_cluster2,overall_silhouette
1,0,0,1,1,0
2,0.999628,0.984159,2,2,0.991894
3,0.731295,0.96414,3,3,0.847718
4,0.964584,0.744533,4,4,0.854558
5,0.779416,0.932444,5,5,0.85593
6,0.805985,0.896205,6,6,0.851095
7,0.80147,0.910945,7,7,0.856207
8,0.921559,0.810673,8,8,0.866116
9,0.818173,0.918894,9,9,0.868534
10,0.830688,0.906657,10,10,0.868672
