{"max_depth": 5, "n_trees": 3, "n_features": 3, "n_classes": 2, "trees": [[{"feature": [1, 2, 2, 1, 0, -2, -2, 1, -2, -2, 2, 0, -2, -2, 0, -2, -2, 1, 0, 2, -2, -2, 1, -2, -2, 2, 1, -2, -2, 0, -2, -2, 2, 2, 0, 1, -2, -2, 1, -2, -2, 0, 1, -2, -2, 1, -2, -2, 0, 1, 2, -2, -2, 0, -2, -2, 1, 2, -2, -2, 0, -2, -2], "threshold": [17.45632266998291, 1.0462500154972076, 0.7149999737739563, 12.78660774230957, 104.30656051635742, -2.0, -2.0, 12.799733638763428, -2.0, -2.0, 0.8549999892711639, 128.31101989746094, -2.0, -2.0, 98.02437591552734, -2.0, -2.0, 12.173213481903076, 49.913169860839844, 1.2787500023841858, -2.0, -2.0, 8.929294109344482, -2.0, -2.0, 1.2787500023841858, 14.204957008361816, -2.0, -2.0, 150.3316192626953, -2.0, -2.0, 0.8549999892711639, 0.7149999737739563, 498.7957000732422, 20.273427963256836, -2.0, -2.0, 24.00153636932373, -2.0, -2.0, 449.47035217285156, 20.7013521194458, -2.0, -2.0, 26.22112274169922, -2.0, -2.0, 339.19056701660156, 22.185588836669922, 1.0462500154972076, -2.0, -2.0, 292.89752197265625, -2.0, -2.0, 25.2103328704834, 1.0462500154972076, -2.0, -2.0, 478.9271697998047, -2.0, -2.0], "value": [0.2987984056326554, 0.317272590418125, 0.31508093046554586, 0.31268436578171094, 0.321850203212696, 0.1325898389095415, 0.3322444535184429, 0.28693130324451693, 0.0, 0.2878705219130751, 0.3162560656961553, 0.31525486907091604, 0.11732229123533472, 0.3295857692499875, 0.31726006915241567, 0.09991158267020335, 0.32938680874155196, 0.3205745012027735, 0.3261393294519173, 0.10447761194029852, 0.09560723514211887, 0.11270983213429257, 0.3322673818857025, 0.33328653657166923, 0.3294437961882536, 0.30728667305848517, 0.3051533551300016, 0.3104384943733023, 0.3016120644825793, 0.30953553257836863, 0.03375527426160337, 0.33279943050364835, 0.268853609064983, 0.2555416143872857, 0.24975704567541301, 0.03262786596119929, 0.0982456140350877, 0.010600706713780918, 0.3238095238095238, 0.33300099700897307, 0.30983067980793527, 0.26152893840916125, 0.043184885290148446, 0.10566762728146013, 0.0093603744149766, 0.32650602409638557, 0.33151647286821706, 0.3022300469483568, 0.27776928953399543, 0.043122035360069, 0.08662175168431184, 0.047619047619047616, 0.10643444605708757, 0.0078125, 0.0015192950470981463, 0.04553734061930784, 0.3282889239624919, 0.3320139598229486, 0.32945134575569357, 0.3332699137493658, 0.3183622547351707, 0.17120622568093383, 0.33246333581904053], "children_left": [1, 2, 3, 4, 5, -1, -1, 8, -1, -1, 11, 12, -1, -1, 15, -1, -1, 18, 19, 20, -1, -1, 23, -1, -1, 26, 27, -1, -1, 30, -1, -1, 33, 34, 35, 36, -1, -1, 39, -1, -1, 42, 43, -1, -1, 46, -1, -1, 49, 50, 51, -1, -1, 54, -1, -1, 57, 58, -1, -1, 61, -1, -1], "children_right": [32, 17, 10, 7, 6, -1, -1, 9, -1, -1, 14, 13, -1, -1, 16, -1, -1, 25, 22, 21, -1, -1, 24, -1, -1, 29, 28, -1, -1, 31, -1, -1, 48, 41, 38, 37, -1, -1, 40, -1, -1, 45, 44, -1, -1, 47, -1, -1, 56, 53, 52, -1, -1, 55, -1, -1, 60, 59, -1, -1, 62, -1, -1], "parent": [-1, 0, 1, 2, 3, 4, 4, 3, 7, 7, 2, 10, 11, 11, 10, 14, 14, 1, 17, 18, 19, 19, 18, 22, 22, 17, 25, 26, 26, 25, 29, 29, 0, 32, 33, 34, 35, 35, 34, 38, 38, 33, 41, 42, 42, 41, 45, 45, 32, 48, 49, 50, 50, 49, 53, 53, 48, 56, 57, 57, 56, 60, 60], "depth": [0, 1, 2, 3, 4, 5, 5, 4, 5, 5, 3, 4, 5, 5, 4, 5, 5, 2, 3, 4, 5, 5, 4, 5, 5, 3, 4, 5, 5, 4, 5, 5, 1, 2, 3, 4, 5, 5, 4, 5, 5, 3, 4, 5, 5, 4, 5, 5, 2, 3, 4, 5, 5, 4, 5, 5, 3, 4, 5, 5, 4, 5, 5], "iLeaf": [5, 6, 8, 9, 12, 13, 15, 16, 20, 21, 23, 24, 27, 28, 30, 31, 36, 37, 39, 40, 43, 44, 46, 47, 51, 52, 54, 55, 58, 59, 61, 62]}], [{"feature": [1, 0, 1, 0, 0, -2, -2, 0, -2, -2, 0, 2, -2, -2, 2, -2, -2, 1, 0, 2, -2, -2, 2, -2, -2, 2, 1, -2, -2, 1, -2, -2, 1, 2, 0, 1, -2, -2, 1, -2, -2, 2, 2, -2, -2, 0, -2, -2, 0, 2, 2, -2, -2, 1, -2, -2, 0, 0, -2, -2, 2, -2, -2], "threshold": [19.1600980758667, 121.78639221191406, 8.782875537872314, 30.35427188873291, 9.711045265197754, -2.0, -2.0, 78.5499153137207, -2.0, -2.0, 89.46653366088867, 1.0462500154972076, -2.0, -2.0, 1.0462500154972076, -2.0, -2.0, 14.612952709197998, 175.0, 0.7149999737739563, -2.0, -2.0, 0.7149999737739563, -2.0, -2.0, 1.0462500154972076, 17.45673942565918, -2.0, -2.0, 18.465283393859863, -2.0, -2.0, 23.740214347839355, 0.7149999737739563, 419.3291778564453, 20.15332794189453, -2.0, -2.0, 21.826361656188965, -2.0, -2.0, 1.0462500154972076, 0.8549999892711639, -2.0, -2.0, 260.6179962158203, -2.0, -2.0, 469.99391174316406, 1.0462500154972076, 0.8549999892711639, -2.0, -2.0, 27.596101760864258, -2.0, -2.0, 591.6168212890625, 531.4814758300781, -2.0, -2.0, 0.7149999737739563, -2.0, -2.0], "value": [0.3003520409647668, 0.31626070230982656, 0.12239800166527894, 0.2363206152026028, 0.07396449704142012, 0.0024330900243309003, 0.12271973466003316, 0.30587241233629064, 0.2774869109947644, 0.33251433251433254, 0.021699346405228758, 0.0018018018018018018, 0.0005858230814294083, 0.003745318352059925, 0.07428571428571429, 0.03883495145631068, 0.125, 0.32892684872882894, 0.33250467599498074, 0.306025140875596, 0.26746506986027946, 0.3167220376522702, 0.3332481409811725, 0.33290939922480617, 0.3333333333333333, 0.3172205438066465, 0.31238721319927815, 0.3175234598123215, 0.30357142857142855, 0.3245000970685304, 0.3262774553317401, 0.3141914191419142, 0.2659639052927866, 0.278290116089834, 0.2532705389848247, 0.005339435545385202, 0.021806853582554516, 0.0, 0.32677521483491634, 0.3321691889794334, 0.3192411924119241, 0.2848343826991514, 0.2774608349180476, 0.27409372236958446, 0.2809948032665182, 0.2923218390804598, 0.017699115044247787, 0.33144237840109253, 0.25320152774657384, 0.03194639239520025, 0.006134969325153374, 0.0, 0.01839080459770115, 0.0722554890219561, 0.08167141500474834, 0.022556390977443608, 0.32318004830203556, 0.22428748451053282, 0.19544364508393286, 0.2551282051282051, 0.3317269076305221, 0.32526881720430106, 0.3333333333333333], "children_left": [1, 2, 3, 4, 5, -1, -1, 8, -1, -1, 11, 12, -1, -1, 15, -1, -1, 18, 19, 20, -1, -1, 23, -1, -1, 26, 27, -1, -1, 30, -1, -1, 33, 34, 35, 36, -1, -1, 39, -1, -1, 42, 43, -1, -1, 46, -1, -1, 49, 50, 51, -1, -1, 54, -1, -1, 57, 58, -1, -1, 61, -1, -1], "children_right": [32, 17, 10, 7, 6, -1, -1, 9, -1, -1, 14, 13, -1, -1, 16, -1, -1, 25, 22, 21, -1, -1, 24, -1, -1, 29, 28, -1, -1, 31, -1, -1, 48, 41, 38, 37, -1, -1, 40, -1, -1, 45, 44, -1, -1, 47, -1, -1, 56, 53, 52, -1, -1, 55, -1, -1, 60, 59, -1, -1, 62, -1, -1], "parent": [-1, 0, 1, 2, 3, 4, 4, 3, 7, 7, 2, 10, 11, 11, 10, 14, 14, 1, 17, 18, 19, 19, 18, 22, 22, 17, 25, 26, 26, 25, 29, 29, 0, 32, 33, 34, 35, 35, 34, 38, 38, 33, 41, 42, 42, 41, 45, 45, 32, 48, 49, 50, 50, 49, 53, 53, 48, 56, 57, 57, 56, 60, 60], "depth": [0, 1, 2, 3, 4, 5, 5, 4, 5, 5, 3, 4, 5, 5, 4, 5, 5, 2, 3, 4, 5, 5, 4, 5, 5, 3, 4, 5, 5, 4, 5, 5, 1, 2, 3, 4, 5, 5, 4, 5, 5, 3, 4, 5, 5, 4, 5, 5, 2, 3, 4, 5, 5, 4, 5, 5, 3, 4, 5, 5, 4, 5, 5], "iLeaf": [5, 6, 8, 9, 12, 13, 15, 16, 20, 21, 23, 24, 27, 28, 30, 31, 36, 37, 39, 40, 43, 44, 46, 47, 51, 52, 54, 55, 58, 59, 61, 62]}], [{"feature": [1, 0, 1, 2, 0, -2, -2, 2, -2, -2, 1, 2, -2, -2, 1, -2, -2, 0, 1, 2, -2, -2, 2, -2, -2, 0, 1, -2, -2, 0, -2, -2, 2, 0, 2, 0, -2, -2, 0, -2, -2, 2, 1, -2, -2, 1, -2, -2, 0, 2, 1, -2, -2, 1, -2, -2, 1, 2, -2, -2, 0, -2, -2],