iteration,silhouette_cluster1,silhouette_cluster2,n_points_cluster1,n_points_cluster2,overall_silhouette1
1,0,0,1,1,0
2,0.986711,0.949073,2,2,0.967892
3,0.990253,0.96596,3,3,0.978106
4,0.990558,0.972637,4,4,0.981597
5,0.988758,0.962581,5,5,0.97567
6,0.968338,0.966628,6,6,0.967483
7,0.968629,0.969356,7,7,0.968993
8,0.971162,0.972119,8,8,0.97164
9,0.973489,0.974082,9,9,0.973785
10,0.974305,0.970422,10,10,0.972364
11,0.973672,0.96827,11,11,0.970971
