iteration,input_fuse_test,output_fuse_result
1,0,0.0912429
1,1,0.891213
2,0,0.0802603
2,1,0.933276
3,0,0.0922345
3,1,0.891254
4,0,0.0808354
4,1,0.900434
5,0,0.0977287
5,1,0.947689
6,0,0.145917
6,1,0.901693
7,0,0.0730791
7,1,0.911299
8,0,0.0977912
8,1,0.904486
9,0,0.0967716
9,1,0.897989
10,0,0.0773732
10,1,0.945061
11,0,0.109189
11,1,0.879229
