{"max_depth": 2, "n_trees": 3, "n_features": 3, "n_classes": 2, "trees": [[{"feature": [2, 0, -2, -2, 0, -2, -2], "threshold": [1.0462500154972076, 329.45973205566406, -2.0, -2.0, 269.3570098876953, -2.0, -2.0], "value": [0.299578132728172, 0.2951484051548195, 0.14507042253521127, 0.3249353553707457, 0.3061875552848711, 0.15360736459002355, 0.3300961103004076], "children_left": [1, 2, -1, -1, 5, -1, -1], "children_right": [4, 3, -1, -1, 6, -1, -1], "parent": [-1, 0, 1, 1, 0, 4, 4], "depth": [0, 1, 2, 2, 1, 2, 2], "iLeaf": [2, 3, 5, 6]}], [{"feature": [1, 1, -2, -2, 1, -2, -2], "threshold": [16.010313034057617, 9.778098106384277, -2.0, -2.0, 23.9901123046875, -2.0, -2.0], "value": [0.30016583747927034, 0.32037615634380934, 0.3271890915064892, 0.3091885183986188, 0.273387718657413, 0.28275198558912634, 0.25513664472371833], "children_left": [1, 2, -1, -1, 5, -1, -1], "children_right": [4, 3, -1, -1, 6, -1, -1], "parent": [-1, 0, 1, 1, 0, 4, 4], "depth": [0, 1, 2, 2, 1, 2, 2], "iLeaf": [2, 3, 5, 6]}], [{"feature": [2, 0, -2, -2, 0, -2, -2], "threshold": [1.0462500154972076, 330.3178253173828, -2.0, -2.0, 201.24434661865234, -2.0, -2.0], "value": [0.2997876116493556, 0.295599128540305, 0.14645322197088337, 0.3254875979264012, 0.3060950714494021, 0.12429378531073447, 0.3276095429121211], "children_left": [1, 2, -1, -1, 5, -1, -1], "children_right": [4, 3, -1, -1, 6, -1, -1], "parent": [-1, 0, 1, 1, 0, 4, 4], "depth": [0, 1, 2, 2, 1, 2, 2], "iLeaf": [2, 3, 5, 6]}]], "init_predict": [0, 0], "norm": 1, "Config": {"Backend": "vhdl", "ProjectName": "my-prj", "OutputDir": "prj_LUTs - depth = 2", "Precision": "ap_fixed<19,12>", "XilinxPart": "xc7s100", "ClockPeriod": "5"}}